{"cameraMode":{"drawMode":0,"name":"Shaded","section":"Shading Mode"},"sceneLighting":false,"audioPlay":false,"sceneViewState":{"showFog":false,"showMaterialUpdate":true,"showSkybox":false,"showFlares":false,"showImageEffects":true,"showParticleSystems":true},"in2DMode":false,"pivot":{"x":11.640000343322754,"y":1.2797220945358277,"z":34.33291244506836},"rotation":{"x":-0.21239760518074037,"y":0.44631198048591616,"z":-0.10992967337369919,"w":-0.8623273372650147},"size":6.338844299316406,"orthographic":true}