{"cameraMode":{"drawMode":0,"name":"Shaded","section":"Shading Mode"},"sceneLighting":false,"audioPlay":false,"sceneViewState":{"showFog":false,"showMaterialUpdate":true,"showSkybox":false,"showFlares":false,"showImageEffects":true,"showParticleSystems":true},"in2DMode":false,"pivot":{"x":-3.8743019104003908e-7,"y":2.0,"z":0.28000134229660036},"rotation":{"x":-0.21239760518074037,"y":0.44631198048591616,"z":-0.10992967337369919,"w":-0.8623273372650147},"size":2.0183334350585939,"orthographic":true}