{"cameraMode":{"drawMode":0,"name":"Shaded","section":"Shading Mode"},"sceneLighting":false,"audioPlay":false,"sceneViewState":{"showFog":false,"showMaterialUpdate":true,"showSkybox":false,"showFlares":false,"showImageEffects":true,"showParticleSystems":true},"in2DMode":false,"pivot":{"x":5.860000133514404,"y":2.319999933242798,"z":5.199999809265137},"rotation":{"x":-0.21239760518074037,"y":0.44631198048591616,"z":-0.10992967337369919,"w":-0.8623273372650147},"size":5.7157673835754398,"orthographic":true}