{"cameraMode":{"drawMode":0,"name":"Shaded","section":"Shading Mode"},"sceneLighting":false,"audioPlay":false,"sceneViewState":{"showFog":false,"showMaterialUpdate":true,"showSkybox":false,"showFlares":false,"showImageEffects":true,"showParticleSystems":true},"in2DMode":false,"pivot":{"x":22.71645736694336,"y":-0.5852980613708496,"z":22.3394718170166},"rotation":{"x":-0.11383729428052902,"y":0.5560836791992188,"z":-0.07723041623830795,"w":-0.8196630477905273},"size":50.31074523925781,"orthographic":true}