{"cameraMode":{"drawMode":0,"name":"Shaded","section":"Shading Mode"},"sceneLighting":false,"audioPlay":false,"sceneViewState":{"showFog":false,"showMaterialUpdate":true,"showSkybox":false,"showFlares":false,"showImageEffects":true,"showParticleSystems":true},"in2DMode":false,"pivot":{"x":24.040071487426759,"y":-12.653521537780762,"z":19.594934463500978},"rotation":{"x":-0.21239760518074037,"y":0.44631198048591616,"z":-0.10992967337369919,"w":-0.8623273372650147},"size":36.42949295043945,"orthographic":true}