{"cameraMode":{"drawMode":0,"name":"Shaded","section":"Shading Mode"},"sceneLighting":false,"audioPlay":false,"sceneViewState":{"showFog":false,"showMaterialUpdate":true,"showSkybox":false,"showFlares":false,"showImageEffects":true,"showParticleSystems":true},"in2DMode":false,"pivot":{"x":-0.1432858407497406,"y":1.6303987503051758,"z":-5.960464477539063e-8},"rotation":{"x":-0.21239760518074037,"y":0.44631198048591616,"z":-0.10992967337369919,"w":-0.8623273372650147},"size":6.024708271026611,"orthographic":true}